<launch4jConfig>
  <dontWrapJar>false</dontWrapJar>
  <headerType>gui</headerType>
  <jar>C:\Users\Andrew\Documents\GitHub\Dharmayuddha\testBin\Zero_Day_Exploit.jar</jar>
  <outfile>C:\Users\Andrew\Documents\GitHub\Dharmayuddha\testBin\Zero Day Exploit.exe</outfile>
  <errTitle></errTitle>
  <cmdLine>--debug</cmdLine>
  <chdir></chdir>
  <priority>normal</priority>
  <downloadUrl>http://java.com/download</downloadUrl>
  <supportUrl></supportUrl>
  <customProcName>false</customProcName>
  <stayAlive>false</stayAlive>
  <manifest></manifest>
  <icon></icon>
  <jre>
    <path></path>
    <minVersion>0.0.0</minVersion>
    <maxVersion>9.9.9</maxVersion>
    <jdkPreference>preferJre</jdkPreference>
  </jre>
</launch4jConfig>